1.1.1	《2:3》
1.2.4	《2:25》
1.3.1	《3:13》
1.3.14	《3:21》
1.3.22	《3:24》
1.4.1	《4:16》
1.4.17	《4:24》
1.4.25	《4:26》
1.5.1	《5:32》
1.6.1	《6:8》
1.6.9	《6:22》
1.7.1	《7:24》
1.8.1	《8:19》
1.8.20	《8:22》
1.9.1	《9:17》
1.9.18	《9:29》
1.10.1	《10:32》
1.11.1	《11:9》
1.11.10	《11:26》
1.11.27	《11:32》
1.12.1	《12:9》
1.12.10	《12:20》
1.13.1	《13:13》
1.13.14	《13:18》
1.14.1	《14:16》
1.14.17	《14:24》
1.15.1	《15:21》
1.16.1	《16:16》
1.17.1	《17:27》
1.18.1	《18:15》
1.18.16	《18:33》
1.19.1	《19:11》
1.19.12	《19:22》
1.19.23	《19:29》
1.19.30	《19:38》
1.20.1	《20:18》
1.21.1	《21:8》
1.21.9	《21:21》
1.21.22	《21:34》
1.22.1	《22:19》
1.22.20	《22:24》
1.23.1	《23:20》
1.24.1	《24:67》
1.25.1	《25:6》
1.25.7	《25:11》
1.25.12	《25:18》
1.25.19	《25:26》
1.25.27	《25:34》
1.26.1	《26:25》
1.26.26	《26:33》
1.26.34	《26:35》
1.27.1	《27:29》
1.27.30	《27:45》
1.27.46	《28:5》
1.28.6	《28:9》
1.28.10	《28:22》
1.29.1	《29:14》
1.29.15	《29:30》
1.29.31	《30:24》
1.30.25	《30:43》
1.31.1	《31:21》
1.31.22	《31:42》
1.31.43	《31:55》
1.32.1	《32:21》
1.32.22	《32:32》
1.33.1	《33:20》
1.34.1	《34:31》
1.35.1	《35:15》
1.35.16	《35:21》
1.35.22	《35:26》
1.35.27	《35:29》
1.36.1	《36:19》
1.36.20	《36:30》
1.36.31	《36:43》
1.37.1	《37:11》
1.37.12	《37:36》
1.38.1	《38:30》
1.39.1	《39:23》
1.40.1	《40:23》
1.41.1	《41:36》
1.41.37	《41:57》
1.42.1	《42:24》
1.42.25	《42:38》
1.43.1	《43:34》
1.44.1	《44:17》
1.44.18	《44:34》
1.45.1	《45:28》
1.46.1	《46:27》
1.46.28	《47:12》
1.47.13	《47:26》
1.47.27	《47:31》
1.48.1	《48:22》
1.49.1	《49:28》
1.49.29	《50:14》
1.50.15	《50:21》
1.50.22	《50:26》
2.1.1	《1:22》
2.2.1	《2:10》
2.2.11	《2:25》
2.3.1	《3:22》
2.4.1	《4:17》
2.4.18	《4:31》
2.5.1	《5:21》
2.5.22	《6:1》
2.6.2	《6:13》
2.6.14	《6:27》
2.6.28	《7:7》
2.7.8	《7:13》
2.7.14	《7:25》
2.8.1	《8:15》
2.8.16	《8:19》
2.8.20	《8:32》
2.9.1	《9:7》
2.9.8	《9:12》
2.9.13	《9:35》
2.10.1	《10:20》
2.10.21	《10:29》
2.11.1	《11:10》
2.12.1	《12:13》
2.12.14	《12:20》
2.12.21	《12:28》
2.12.29	《12:36》
2.12.37	《12:42》
2.12.43	《12:51》
2.13.1	《13:2》
2.13.3	《13:10》
2.13.11	《13:16》
2.13.17	《13:22》
2.14.1	《14:31》
2.15.1	《15:18》
2.15.19	《15:21》
2.15.22	《15:27》
2.16.1	《16:36》
2.17.1	《17:7》
2.17.8	《17:16》
2.18.1	《18:12》
2.18.13	《18:27》
2.19.1	《19:25》
2.20.1	《20:17》
2.20.18	《20:21》
2.20.22	《20:26》
2.21.1	《21:11》
2.21.12	《21:27》
2.21.28	《21:36》
2.22.1	《22:15》
2.22.16	《22:31》
2.23.1	《23:9》
2.23.10	《23:13》
2.23.14	《23:19》
2.23.20	《23:33》
2.24.1	《24:11》
2.24.12	《24:18》
2.25.1	《25:9》
2.25.10	《25:22》
2.25.23	《25:30》
2.25.31	《25:40》
2.26.1	《26:37》
2.27.1	《27:8》
2.27.9	《27:19》
2.27.20	《27:21》
2.28.1	《28:14》
2.28.15	《28:30》
2.28.31	《28:43》
2.29.1	《29:37》
2.29.38	《29:46》
2.30.1	《30:10》
2.30.11	《30:16》
2.30.17	《30:21》
2.30.22	《30:33》
2.30.34	《30:38》
2.31.1	《31:11》
2.31.12	《31:18》
2.32.1	《32:35》
2.33.1	《33:6》
2.33.7	《33:11》
2.33.12	《33:23》
2.34.1	《34:9》
2.34.10	《34:28》
2.34.29	《34:35》
2.35.1	《35:3》
2.35.4	《35:9》
2.35.10	《35:19》
2.35.20	《35:29》
2.35.30	《36:1》
2.36.2	《36:7》
2.36.8	《36:38》
2.37.1	《37:9》
2.37.10	《37:16》
2.37.17	《37:24》
2.37.25	《37:28》
2.37.29	《37:29》
2.38.1	《38:7》
2.38.8	《38:8》
2.38.9	《38:20》
2.38.21	《38:31》
2.39.1	《39:7》
2.39.8	《39:21》
2.39.22	《39:31》
2.39.32	《39:43》
2.40.1	《40:33》
2.40.34	《40:38》
3.1.1	《1:17》
3.2.1	《2:16》
3.3.1	《3:17》
3.4.1	《4:35》
3.5.1	《6:7》
3.6.8	《6:13》
3.6.14	《6:23》
3.6.24	《6:30》
3.7.1	《7:10》
3.7.11	《7:38》
3.8.1	《8:36》
3.9.1	《9:24》
3.10.1	《10:7》
3.10.8	《10:20》
3.11.1	《11:47》
3.12.1	《12:8》
3.13.1	《13:46》
3.13.47	《13:59》
3.14.1	《14:32》
3.14.33	《14:57》
3.15.1	《15:33》
3.16.1	《16:19》
3.16.20	《16:28》
3.16.29	《16:34》
3.17.1	《17:16》
3.18.1	《18:30》
3.19.1	《19:37》
3.20.1	《20:27》
3.21.1	《21:24》
3.22.1	《22:33》
3.23.1	《23:4》
3.23.5	《23:14》
3.23.15	《23:22》
3.23.23	《23:25》
3.23.26	《23:32》
3.23.33	《23:44》
3.24.1	《24:4》
3.24.5	《24:9》
3.24.10	《24:23》
3.25.1	《25:7》
3.25.8	《25:17》
3.25.18	《25:22》
3.25.23	《25:34》
3.25.35	《25:38》
3.25.39	《25:55》
3.26.1	《26:13》
3.26.14	《26:46》
3.27.1	《27:34》
4.1.1	《1:54》
4.2.1	《2:34》
4.3.1	《3:4》
4.3.5	《3:13》
4.3.14	《3:39》
4.3.40	《3:51》
4.4.1	《4:20》
4.4.21	《4:28》
4.4.29	《4:33》
4.4.34	《4:49》
4.5.1	《5:4》
4.5.5	《5:10》
4.5.11	《5:31》
4.6.1	《6:21》
4.6.22	《6:27》
4.7.1	《7:89》
4.8.1	《8:4》
4.8.5	《8:26》
4.9.1	《9:14》
4.9.15	《9:23》
4.10.1	《10:10》
4.10.11	《10:32》
4.10.33	《10:36》
4.11.1	《11:3》
4.11.4	《11:30》
4.11.31	《11:35》
4.12.1	《12:16》
4.13.1	《13:33》
4.14.1	《14:10》
4.14.11	《14:25》
4.14.26	《14:38》
4.14.39	《14:45》
4.15.1	《15:31》
4.15.32	《15:36》
4.15.37	《15:41》
4.16.1	《16:35》
4.16.36	《16:40》
4.16.41	《16:50》
4.17.1	《17:13》
4.18.1	《18:7》
4.18.8	《18:20》
4.18.21	《18:24》
4.18.25	《18:32》
4.19.1	《19:10》
4.19.11	《19:22》
4.20.1	《20:13》
4.20.14	《20:21》
4.20.22	《20:29》
4.21.1	《21:3》
4.21.4	《21:9》
4.21.10	《21:20》
4.21.21	《21:35》
4.22.1	《22:20》
4.22.21	《22:35》
4.22.36	《22:40》
4.22.41	《23:12》
4.23.13	《23:26》
4.23.27	《24:14》
4.24.15	《24:25》
4.25.1	《25:18》
4.26.1	《26:65》
4.27.1	《27:11》
4.27.12	《27:23》
4.28.1	《28:8》
4.28.9	《28:10》
4.28.11	《28:15》
4.28.16	《28:25》
4.28.26	《28:31》
4.29.1	《29:6》
4.29.7	《29:11》
4.29.12	《29:40》
4.30.1	《30:16》
4.31.1	《31:12》
4.31.13	《31:24》
4.31.25	《31:54》
4.32.1	《32:42》
4.33.1	《33:49》
4.33.50	《33:56》
4.34.1	《34:15》
4.34.16	《34:29》
4.35.1	《35:8》
4.35.9	《35:34》
4.36.1	《36:13》
5.1.1	《1:8》
5.1.9	《1:18》
5.1.19	《1:33》
5.1.34	《1:46》
5.2.1	《2:25》
5.2.26	《2:37》
5.3.1	《3:11》
5.3.12	《3:22》
5.3.23	《3:29》
5.4.1	《4:14》
5.4.15	《4:40》
5.4.41	《4:43》
5.4.44	《4:49》
5.5.1	《5:22》
5.5.23	《5:33》
5.6.1	《6:9》
5.6.10	《6:25》
5.7.1	《7:11》
5.7.12	《7:26》
5.8.1	《8:10》
5.8.11	《8:20》
5.9.1	《9:29》
5.10.1	《10:11》
5.10.12	《10:22》
5.11.1	《11:7》
5.11.8	《11:32》
5.12.1	《12:28》
5.12.29	《13:18》
5.14.1	《14:2》
5.14.3	《14:21》
5.14.22	《14:29》
5.15.1	《15:11》
5.15.12	《15:18》
5.15.19	《15:23》
5.16.1	《16:8》
5.16.9	《16:12》
5.16.13	《16:17》
5.16.18	《17:13》
5.17.14	《17:20》
5.18.1	《18:8》
5.18.9	《18:13》
5.18.14	《18:22》
5.19.1	《19:14》
5.19.15	《19:21》
5.20.1	《20:20》
5.21.1	《21:9》
5.21.10	《21:14》
5.21.15	《21:17》
5.21.18	《21:21》
5.21.22	《22:12》
5.22.13	《22:30》
5.23.1	《23:8》
5.23.9	《23:14》
5.23.15	《23:25》
5.24.1	《24:4》
5.24.5	《25:4》
5.25.5	《25:10》
5.25.11	《25:16》
5.25.17	《25:19》
5.26.1	《26:15》
5.26.16	《26:19》
5.27.1	《27:10》
5.27.11	《27:26》
5.28.1	《28:14》
5.28.15	《28:68》
5.29.1	《29:29》
5.30.1	《30:20》
5.31.1	《31:8》
5.31.9	《31:13》
5.31.14	《31:29》
5.31.30	《32:44》
5.32.45	《32:52》
5.33.1	《33:29》
5.34.1	《34:12》
6.1.1	《1:9》
6.1.10	《1:18》
6.2.1	《2:24》
6.3.1	《3:17》
6.4.1	《5:1》
6.5.2	《5:12》
6.5.13	《5:15》
6.6.1	《6:27》
6.7.1	《7:26》
6.8.1	《8:29》
6.8.30	《8:35》
6.9.1	《9:27》
6.10.1	《10:15》
6.10.16	《10:27》
6.10.28	《10:43》
6.11.1	《11:15》
6.11.16	《11:23》
6.12.1	《12:6》
6.12.7	《12:24》
6.13.1	《13:7》
6.13.8	《13:14》
6.13.15	《13:23》
6.13.24	《13:28》
6.13.29	《13:33》
6.14.1	《14:5》
6.14.6	《14:15》
6.15.1	《15:12》
6.15.13	《15:19》
6.15.20	《15:63》
6.16.1	《16:4》
6.16.5	《16:10》
6.17.1	《17:13》
6.17.14	《17:18》
6.18.1	《18:10》
6.18.11	《18:28》
6.19.1	《19:9》
6.19.10	《19:16》
6.19.17	《19:23》
6.19.24	《19:31》
6.19.32	《19:39》
6.19.40	《19:48》
6.19.49	《19:51》
6.20.1	《20:9》
6.21.1	《21:42》
6.21.43	《21:45》
6.22.1	《22:9》
6.22.10	《22:34》
6.23.1	《23:16》
6.24.1	《24:28》
6.24.29	《24:33》
7.1.1	《1:7》
7.1.8	《1:10》
7.1.11	《1:15》
7.1.16	《1:21》
7.1.22	《1:26》
7.1.27	《1:36》
7.2.1	《2:5》
7.2.6	《2:10》
7.2.11	《2:23》
7.3.1	《3:6》
7.3.7	《3:11》
7.3.12	《3:30》
7.3.31	《3:31》
7.4.1	《4:24》
7.5.1	《5:31》
7.6.1	《6:40》
7.7.1	《7:25》
7.8.1	《8:28》
7.8.29	《8:35》
7.9.1	《9:57》
7.10.1	《10:2》
7.10.3	《10:5》
7.10.6	《11:33》
7.11.34	《11:40》
7.12.1	《12:7》
7.12.8	《12:15》
7.13.1	《13:25》
7.14.1	《15:8》
7.15.9	《15:20》
7.16.1	《16:3》
7.16.4	《16:22》
7.16.23	《16:31》
7.17.1	《17:13》
7.18.1	《18:31》
7.19.1	《19:30》
7.20.1	《20:17》
7.20.18	《20:35》
7.20.36	《20:48》
7.21.1	《21:25》
8.1.1	《1:5》
8.1.6	《1:22》
8.2.1	《2:23》
8.3.1	《3:18》
8.4.1	《4:12》
8.4.13	《4:22》
9.1.1	《1:8》
9.1.9	《1:18》
9.1.19	《1:28》
9.2.1	《2:11》
9.2.12	《2:17》
9.2.18	《2:21》
9.2.22	《2:26》
9.2.27	《2:36》
9.3.1	《3:21》
9.4.1	《4:11》
9.4.12	《4:18》
9.4.19	《4:22》
9.5.1	《5:12》
9.6.1	《6:18》
9.6.19	《7:2》
9.7.3	《7:17》
9.8.1	《8:22》
9.9.1	《9:24》
9.9.25	《10:16》
9.10.17	《10:27》
9.11.1	《11:15》
9.12.1	《12:25》
9.13.1	《13:23》
9.14.1	《14:15》
9.14.16	《14:23》
9.14.24	《14:46》
9.14.47	《14:52》
9.15.1	《15:9》
9.15.10	《15:23》
9.15.24	《15:35》
9.16.1	《16:13》
9.16.14	《16:23》
9.17.1	《17:11》
9.17.12	《17:40》
9.17.41	《17:54》
9.17.55	《18:5》
9.18.6	《18:16》
9.18.17	《18:30》
9.19.1	《19:24》
9.20.1	《20:42》
9.21.1	《21:15》
9.22.1	《22:23》
9.23.1	《23:13》
9.23.14	《23:29》
9.24.1	《24:22》
9.25.1	《25:44》
9.26.1	《26:25》
9.27.1	《28:2》
9.28.3	《28:25》
9.29.1	《29:11》
9.30.1	《30:31》
9.31.1	《31:13》
10.1.1	《1:16》
10.1.17	《1:27》
10.2.1	《2:7》
10.2.8	《2:11》
10.2.12	《3:1》
10.3.2	《3:5》
10.3.6	《3:21》
10.3.22	《3:30》
10.3.31	《3:39》
10.4.1	《4:12》
10.5.1	《5:16》
10.5.17	《5:25》
10.6.1	《6:23》
10.7.1	《7:17》
10.7.18	《7:29》
10.8.1	《8:18》
10.9.1	《9:13》
10.10.1	《10:19》
10.11.1	《11:27》
10.12.1	《12:14》
10.12.15	《12:23》
10.12.24	《12:25》
10.12.26	《12:31》
10.13.1	《13:22》
10.13.23	《13:39》
10.14.1	《14:24》
10.14.25	《14:33》
10.15.1	《15:12》
10.15.13	《15:37》
10.16.1	《16:4》
10.16.5	《16:14》
10.16.15	《16:23》
10.17.1	《17:14》
10.17.15	《17:29》
10.18.1	《18:18》
10.18.19	《18:33》
10.19.1	《19:7》
10.19.8	《19:17》
10.19.18	《19:23》
10.19.24	《19:30》
10.19.31	《19:39》
10.19.40	《19:43》
10.20.1	《20:26》
10.21.1	《21:14》
10.21.15	《21:22》
10.22.1	《22:51》
10.23.1	《23:7》
10.23.8	《23:39》
10.24.1	《24:25》
11.1.1	《1:4》
11.1.5	《1:10》
11.1.11	《1:53》
11.2.1	《2:9》
11.2.10	《2:12》
11.2.13	《2:25》
11.2.26	《2:35》
11.2.36	《2:46》
11.3.1	《3:15》
11.3.16	《3:28》
11.4.1	《4:19》
11.4.20	《4:28》
11.4.29	《4:34》
11.5.1	《5:18》
11.6.1	《6:10》
11.6.11	《6:13》
11.6.14	《6:22》
11.6.23	《6:28》
11.6.29	《6:38》
11.7.1	《7:12》
11.7.13	《7:14》
11.7.15	《7:22》
11.7.23	《7:26》
11.7.27	《7:39》
11.7.40	《7:50》
11.7.51	《7:51》
11.8.1	《8:13》
11.8.14	《8:21》
11.8.22	《8:53》
11.8.54	《8:61》
11.8.62	《8:66》
11.9.1	《9:9》
11.9.10	《9:14》
11.9.15	《9:28》
11.10.1	《10:13》
11.10.14	《10:25》
11.10.26	《10:29》
11.11.1	《11:13》
11.11.14	《11:25》
11.11.26	《11:40》
11.11.41	《11:43》
11.12.1	《12:20》
11.12.21	《12:24》
11.12.25	《12:31》
11.12.32	《13:10》
11.13.11	《13:32》
11.13.33	《13:34》
11.14.1	《14:18》
11.14.19	《14:20》
11.14.21	《14:31》
11.15.1	《15:8》
11.15.9	《15:24》
11.15.25	《15:32》
11.15.33	《16:7》
11.16.8	《16:14》
11.16.15	《16:20》
11.16.21	《16:28》
11.16.29	《16:34》
11.17.1	《17:7》
11.17.8	《17:24》
11.18.1	《18:40》
11.18.41	《18:46》
11.19.1	《19:18》
11.19.19	《19:21》
11.20.1	《20:22》
11.20.23	《20:34》
11.20.35	《20:43》
11.21.1	《21:29》
11.22.1	《22:28》
11.22.29	《22:40》
11.22.41	《22:50》
11.22.51	《22:53》
12.1.1	《1:16》
12.1.17	《1:18》
12.2.1	《2:10》
12.2.11	《2:18》
12.2.19	《2:25》
12.3.1	《3:20》
12.3.21	《3:27》
12.4.1	《4:7》
12.4.8	《4:37》
12.4.38	《4:44》
12.5.1	《5:27》
12.6.1	《6:7》
12.6.8	《6:23》
12.6.24	《7:2》
12.7.3	《7:20》
12.8.1	《8:6》
12.8.7	《8:15》
12.8.16	《8:24》
12.8.25	《8:29》
12.9.1	《9:13》
12.9.14	《9:26》
12.9.27	《9:29》
12.9.30	《9:37》
12.10.1	《10:5》
12.10.6	《10:11》
12.10.12	《10:14》
12.10.15	《10:17》
12.10.18	《10:31》
12.10.32	《10:36》
12.11.1	《11:16》
12.11.17	《11:21》
12.12.1	《12:21》
12.13.1	《13:9》
12.13.10	《13:13》
12.13.14	《13:21》
12.13.22	《13:25》
12.14.1	《14:16》
12.14.17	《14:22》
12.14.23	《14:29》
12.15.1	《15:7》
12.15.8	《15:12》
12.15.13	《15:16》
12.15.17	《15:22》
12.15.23	《15:26》
12.15.27	《15:31》
12.15.32	《15:38》
12.16.1	《16:20》
12.17.1	《17:23》
12.17.24	《17:41》
12.18.1	《18:12》
12.18.13	《18:37》
12.19.1	《19:7》
12.19.8	《19:19》
12.19.20	《19:37》
12.20.1	《20:11》
12.20.12	《20:19》
12.20.20	《20:21》
12.21.1	《21:18》
12.21.19	《21:26》
12.22.1	《22:2》
12.22.3	《22:20》
12.23.1	《23:20》
12.23.21	《23:23》
12.23.24	《23:27》
12.23.28	《23:30》
12.23.31	《23:34》
12.23.35	《24:7》
12.24.8	《24:17》
12.24.18	《24:20》
12.25.1	《25:7》
12.25.8	《25:17》
12.25.18	《25:21》
12.25.22	《25:26》
12.25.27	《25:30》
13.1.1	《1:27》
13.1.28	《1:33》
13.1.34	《1:37》
13.1.38	《1:42》
13.1.43	《1:54》
13.2.1	《2:8》
13.2.9	《2:17》
13.2.18	《2:24》
13.2.25	《2:41》
13.2.42	《2:55》
13.3.1	《3:9》
13.3.10	《3:16》
13.3.17	《3:24》
13.4.1	《4:10》
13.4.11	《4:20》
13.4.21	《4:23》
13.4.24	《4:43》
13.5.1	《5:10》
13.5.11	《5:17》
13.5.18	《5:22》
13.5.23	《5:24》
13.5.25	《5:26》
13.6.1	《6:15》
13.6.16	《6:30》
13.6.31	《6:48》
13.6.49	《6:53》
13.6.54	《6:81》
13.7.1	《7:5》
13.7.6	《7:12》
13.7.13	《7:13》
13.7.14	《7:19》
13.7.20	《7:29》
13.7.30	《7:40》
13.8.1	《8:12》
13.8.13	《8:16》
13.8.17	《8:28》
13.8.29	《8:32》
13.8.33	《8:40》
13.9.1	《9:9》
13.9.10	《9:13》
13.9.14	《9:16》
13.9.17	《9:27》
13.9.28	《9:34》
13.9.35	《9:44》
13.10.1	《10:14》
13.11.1	《11:9》
13.11.10	《11:47》
13.12.1	《12:7》
13.12.8	《12:15》
13.12.16	《12:18》
13.12.19	《12:22》
13.12.23	《12:40》
13.13.1	《13:14》
13.14.1	《14:7》
13.14.8	《14:17》
13.15.1	《15:24》
13.15.25	《16:7》
13.16.8	《16:36》
13.16.37	《16:43》
13.17.1	《17:15》
13.17.16	《17:27》
13.18.1	《18:17》
13.19.1	《19:19》
13.20.1	《20:3》
13.20.4	《20:8》
13.21.1	《22:1》
13.22.2	《23:1》
13.23.2	《23:32》
13.24.1	《24:19》
13.24.20	《24:31》
13.25.1	《25:31》
13.26.1	《26:19》
13.26.20	《26:28》
13.26.29	《26:32》
13.27.1	《27:15》
13.27.16	《27:24》
13.27.25	《27:31》
13.27.32	《27:34》
13.28.1	《28:21》
13.29.1	《29:9》
13.29.10	《29:25》
13.29.26	《29:30》
14.1.1	《1:13》
14.1.14	《1:17》
14.2.1	《2:16》
14.2.17	《3:14》
14.3.15	《3:17》
14.4.1	《5:1》
14.5.2	《5:10》
14.5.11	《5:14》
14.6.1	《6:11》
14.6.12	《6:42》
14.7.1	《7:10》
14.7.11	《7:22》
14.8.1	《8:18》
14.9.1	《9:12》
14.9.13	《9:28》
14.9.29	《9:31》
14.10.1	《10:19》
14.11.1	《11:4》
14.11.5	《11:12》
14.11.13	《11:17》
14.11.18	《11:23》
14.12.1	《12:12》
14.12.13	《12:16》
14.13.1	《13:22》
14.14.1	《14:15》
14.15.1	《15:19》
14.16.1	《16:6》
14.16.7	《16:10》
14.16.11	《16:14》
14.17.1	《17:9》
14.17.10	《17:19》
14.18.1	《18:27》
14.18.28	《18:34》
14.19.1	《19:3》
14.19.4	《19:11》
14.20.1	《20:30》
14.20.31	《21:1》
14.21.2	《21:20》
14.22.1	《22:9》
14.22.10	《22:12》
14.23.1	《23:15》
14.23.16	《23:21》
14.24.1	《24:13》
14.24.14	《24:22》
14.24.23	《24:27》
14.25.1	《25:4》
14.25.5	《25:16》
14.25.17	《25:28》
14.26.1	《26:15》
14.26.16	《26:23》
14.27.1	《27:9》
14.28.1	《28:4》
14.28.5	《28:8》
14.28.9	《28:15》
14.28.16	《28:21》
14.28.22	《28:27》
14.29.1	《29:2》
14.29.3	《29:17》
14.29.18	《29:36》
14.30.1	《30:12》
14.30.13	《30:22》
14.30.23	《30:27》
14.31.1	《31:21》
14.32.1	《32:23》
14.32.24	《32:26》
14.32.27	《32:31》
14.32.32	《32:33》
14.33.1	《33:9》
14.33.10	《33:17》
14.33.18	《33:20》
14.33.21	《33:25》
14.34.1	《34:2》
14.34.3	《34:7》
14.34.8	《34:28》
14.34.29	《34:33》
14.35.1	《35:19》
14.35.20	《35:27》
14.36.1	《36:4》
14.36.5	《36:8》
14.36.9	《36:10》
14.36.11	《36:12》
14.36.13	《36:21》
14.36.22	《36:23》
15.1.1	《1:11》
15.2.1	《2:70》
15.3.1	《3:7》
15.3.8	《3:13》
15.4.1	《4:5》
15.4.6	《4:23》
15.4.24	《5:17》
15.6.1	《6:5》
15.6.6	《6:12》
15.6.13	《6:18》
15.6.19	《6:22》
15.7.1	《7:10》
15.7.11	《7:26》
15.7.27	《7:28》
15.8.1	《8:14》
15.8.15	《8:20》
15.8.21	《8:23》
15.8.24	《8:30》
15.8.31	《8:36》
15.9.1	《9:15》
15.10.1	《10:17》
15.10.18	《10:44》
16.1.1	《1:11》
16.2.1	《2:20》
16.3.1	《3:16》
16.3.17	《3:21》
16.3.22	《3:26》
16.3.27	《3:32》
16.4.1	《4:23》
16.5.1	《5:13》
16.5.14	《5:19》
16.6.1	《6:14》
16.6.15	《7:3》
16.7.4	《7:73》
16.8.1	《8:12》
16.8.13	《8:18》
16.9.1	《9:5》
16.9.6	《9:38》
16.10.1	《10:27》
16.10.28	《10:39》
16.11.1	《11:24》
16.11.25	《11:36》
16.12.1	《12:9》
16.12.10	《12:11》
16.12.12	《12:21》
16.12.22	《12:23》
16.12.24	《12:26》
16.12.27	《12:43》
16.12.44	《12:47》
16.13.1	《13:3》
16.13.4	《13:31》
17.1.1	《1:22》
17.2.1	《2:18》
17.2.19	《2:23》
17.3.1	《3:15》
17.4.1	《4:17》
17.5.1	《5:8》
17.5.9	《5:14》
17.6.1	《6:14》
17.7.1	《7:10》
17.8.1	《8:17》
17.9.1	《9:19》
17.9.20	《9:32》
17.10.1	《10:3》
18.1.1	《1:12》
18.1.13	《1:22》
18.2.1	《2:10》
18.2.11	《2:13》
18.3.1	《3:26》
18.4.1	《14:22》
18.15.1	《21:34》
18.22.1	《27:23》
18.28.1	《28:28》
18.29.1	《31:40》
18.32.1	《37:24》
18.38.1	《42:6》
18.42.7	《42:17》
19.1.1	《1:6》
19.2.1	《2:12》
19.3.1	《3:8》
19.4.1	《4:8》
19.5.1	《5:12》
19.6.1	《6:10》
19.7.1	《7:17》
19.8.1	《8:9》
19.9.1	《9:20》
19.10.1	《10:18》
19.11.1	《11:7》
19.12.1	《12:8》
19.13.1	《13:6》
19.14.1	《14:7》
19.15.1	《15:5》
19.16.1	《16:11》
19.17.1	《17:15》
19.18.1	《18:50》
19.19.1	《19:6》
19.19.7	《19:14》
19.20.1	《20:9》
19.21.1	《21:13》
19.22.1	《22:31》
19.23.1	《23:6》
19.24.1	《24:10》
19.25.1	《25:22》
19.26.1	《26:12》
19.27.1	《27:14》
19.28.1	《28:9》
19.29.1	《29:11》
19.30.1	《30:12》
19.31.1	《31:24》
19.32.1	《32:11》
19.33.1	《33:22》
19.34.1	《34:22》
19.35.1	《35:28》
19.36.1	《36:4》
19.36.5	《36:12》
19.37.1	《37:40》
19.38.1	《38:22》
19.39.1	《39:13》
19.40.1	《40:11》
19.40.12	《40:17》
19.41.1	《41:13》
19.42.1	《42:11》
19.43.1	《43:5》
19.44.1	《44:26》
19.45.1	《45:17》
19.46.1	《46:11》
19.47.1	《47:9》
19.48.1	《48:14》
19.49.1	《49:20》
19.50.1	《50:23》
19.51.1	《51:19》
19.52.1	《52:9》
19.53.1	《53:6》
19.54.1	《54:7》
19.55.1	《55:23》
19.56.1	《56:13》
19.57.1	《57:11》
19.58.1	《58:11》
19.59.1	《59:17》
19.60.1	《60:12》
19.61.1	《61:8》
19.62.1	《62:12》
19.63.1	《63:11》
19.64.1	《64:10》
19.65.1	《65:13》
19.66.1	《66:20》
19.67.1	《67:7》
19.68.1	《68:35》
19.69.1	《69:36》
19.70.1	《70:5》
19.71.1	《71:24》
19.72.1	《72:20》
19.73.1	《73:28》
19.74.1	《74:23》
19.75.1	《75:10》
19.76.1	《76:12》
19.77.1	《77:20》
19.78.1	《78:72》
19.79.1	《79:13》
19.80.1	《80:19》
19.81.1	《81:16》
19.82.1	《82:8》
19.83.1	《83:18》
19.84.1	《84:12》
19.85.1	《85:13》
19.86.1	《86:17》
19.87.1	《87:7》
19.88.1	《88:18》
19.89.1	《89:18》
19.89.19	《89:37》
19.89.38	《89:45》
19.89.46	《89:52》
19.90.1	《90:17》
19.91.1	《91:16》
19.92.1	《92:15》
19.93.1	《93:5》
19.94.1	《94:23》
19.95.1	《95:11》
19.96.1	《96:13》
19.97.1	《97:12》
19.98.1	《98:9》
19.99.1	《99:9》
19.100.1	《100:5》
19.101.1	《101:8》
19.102.1	《102:28》
19.103.1	《103:22》
19.104.1	《104:35》
19.105.1	《105:45》
19.106.1	《106:48》
19.107.1	《107:43》
19.108.1	《108:13》
19.109.1	《109:31》
19.110.1	《110:7》
19.111.1	《111:10》
19.112.1	《112:10》
19.113.1	《113:9》
19.114.1	《114:8》
19.115.1	《115:18》
19.116.1	《116:19》
19.117.1	《117:2》
19.118.1	《118:29》
19.119.1	《119:8》
19.119.9	《119:16》
19.119.17	《119:24》
19.119.25	《119:32》
19.119.33	《119:40》
19.119.41	《119:48》
19.119.49	《119:56》
19.119.57	《119:64》
19.119.65	《119:72》
19.119.73	《119:80》
19.119.81	《119:88》
19.119.89	《119:96》
19.119.97	《119:104》
19.119.105	《119:112》
19.119.113	《119:120》
19.119.121	《119:128》
19.119.129	《119:136》
19.119.137	《119:144》
19.119.145	《119:152》
19.119.153	《119:160》
19.119.161	《119:168》
19.119.169	《119:176》
19.120.1	《120:7》
19.121.1	《121:8》
19.122.1	《122:9》
19.123.1	《123:4》
19.124.1	《124:8》
19.125.1	《125:5》
19.126.1	《126:6》
19.127.1	《127:5》
19.128.1	《128:6》
19.129.1	《129:8》
19.130.1	《130:8》
19.131.1	《131:3》
19.132.1	《132:18》
19.133.1	《133:3》
19.134.1	《135:1》
19.135.2	《135:21》
19.136.1	《136:26》
19.137.1	《137:9》
19.138.1	《138:8》
19.139.1	《139:24》
19.140.1	《140:13》
19.141.1	《141:10》
19.142.1	《142:7》
19.143.1	《143:12》
19.144.1	《144:15》
19.145.1	《145:21》
19.146.1	《146:10》
19.147.1	《147:20》
19.148.1	《148:14》
19.149.1	《149:9》
19.150.1	《150:6》
20.1.1	《1:6》
20.1.7	《1:19》
20.1.20	《1:33》
20.2.1	《2:22》
20.3.1	《3:35》
20.4.1	《4:27》
20.5.1	《5:23》
20.6.1	《6:19》
20.6.20	《7:5》
20.7.6	《7:27》
20.8.1	《8:36》
20.9.1	《9:18》
20.10.1	《22:16》
20.22.17	《24:22》
20.24.23	《24:34》
20.25.1	《29:27》
20.30.1	《30:6》
20.30.7	《30:33》
20.31.1	《31:9》
20.31.10	《31:31》
21.1.1	《1:11》
21.1.12	《2:26》
21.3.1	《3:15》
21.3.16	《4:16》
21.5.1	《5:7》
21.5.8	《6:12》
21.7.1	《8:1》
21.8.2	《8:9》
21.8.10	《9:12》
21.9.13	《10:20》
21.11.1	《11:8》
21.11.9	《12:8》
21.12.9	《12:14》
22.1.1	《1:1》
22.1.2	《1:7》
22.1.8	《1:11》
22.1.12	《1:14》
22.1.15	《1:15》
22.1.16	《2:1》
22.2.2	《2:2》
22.2.3	《2:7》
22.2.8	《2:9》
22.2.10	《2:15》
22.2.16	《3:5》
22.3.6	《3:11》
22.4.1	《4:15》
22.4.16	《4:16》
22.5.1	《5:1》
22.5.2	《5:2》
22.5.3	《5:8》
22.5.9	《5:9》
22.5.10	《5:16》
22.6.1	《6:1》
22.6.2	《6:3》
22.6.4	《6:12》
22.6.13	《6:13》
22.7.1	《7:8》
22.7.9	《8:4》
22.8.5	《8:7》
22.8.8	《8:9》
22.8.10	《8:10》
22.8.11	《8:13》
22.8.14	《8:14》
23.1.1	《1:1》
23.1.2	《1:20》
23.1.21	《1:31》
23.2.1	《2:5》
23.2.6	《2:22》
23.3.1	《3:12》
23.3.13	《3:15》
23.3.16	《4:1》
23.4.2	《4:6》
23.5.1	《5:7》
23.5.8	《5:30》
23.6.1	《6:13》
23.7.1	《7:9》
23.7.10	《7:25》
23.8.1	《8:4》
23.8.5	《8:10》
23.8.11	《8:15》
23.8.16	《8:20》
23.8.21	《8:22》
23.9.1	《9:7》
23.9.8	《10:4》
23.10.5	《10:19》
23.10.20	《10:23》
23.10.24	《10:27》
23.10.28	《10:34》
23.11.1	《11:9》
23.11.10	《11:16》
23.12.1	《12:6》
23.13.1	《13:22》
23.14.1	《14:2》
23.14.3	《14:21》
23.14.22	《14:23》
23.14.24	《14:27》
23.14.28	《14:32》
23.15.1	《15:9》
23.16.1	《16:14》
23.17.1	《17:11》
23.17.12	《17:14》
23.18.1	《18:7》
23.19.1	《19:25》
23.20.1	《20:6》
23.21.1	《21:10》
23.21.11	《21:12》
23.21.13	《21:17》
23.22.1	《22:14》
23.22.15	《22:25》
23.23.1	《23:18》
23.24.1	《24:23》
23.25.1	《25:5》
23.25.6	《25:9》
23.25.10	《25:12》
23.26.1	《26:19》
23.26.20	《27:13》
23.28.1	《28:6》
23.28.7	《28:13》
23.28.14	《28:22》
23.28.23	《28:29》
23.29.1	《29:8》
23.29.9	《29:14》
23.29.15	《29:24》
23.30.1	《30:7》
23.30.8	《30:18》
23.30.19	《30:26》
23.30.27	《30:33》
23.31.1	《31:9》
23.32.1	《32:8》
23.32.9	《32:20》
23.33.1	《33:9》
23.33.10	《33:16》
23.33.17	《33:24》
23.34.1	《34:17》
23.35.1	《35:10》
23.36.1	《36:22》
23.37.1	《37:7》
23.37.8	《37:20》
23.37.21	《37:38》
23.38.1	《38:22》
23.39.1	《39:8》
23.40.1	《40:11》
23.40.12	《40:31》
23.41.1	《41:20》
23.41.21	《41:29》
23.42.1	《42:9》
23.42.10	《42:13》
23.42.14	《42:17》
23.42.18	《42:25》
23.43.1	《43:7》
23.43.8	《43:13》
23.43.14	《43:21》
23.43.22	《43:28》
23.44.1	《44:8》
23.44.9	《44:20》
23.44.21	《44:28》
23.45.1	《45:8》
23.45.9	《45:19》
23.45.20	《46:13》
23.47.1	《47:15》
23.48.1	《48:11》
23.48.12	《48:16》
23.48.17	《48:22》
23.49.1	《49:7》
23.49.8	《50:3》
23.50.4	《50:11》
23.51.1	《51:16》
23.51.17	《51:23》
23.52.1	《52:12》
23.52.13	《53:12》
23.54.1	《54:10》
23.54.11	《54:17》
23.55.1	《55:13》
23.56.1	《56:8》
23.56.9	《56:12》
23.57.1	《57:13》
23.57.14	《57:21》
23.58.1	《58:12》
23.58.13	《58:14》
23.59.1	《59:8》
23.59.9	《59:14》
23.59.15	《59:21》
23.60.1	《60:22》
23.61.1	《62:12》
23.63.1	《63:6》
23.63.7	《63:14》
23.63.15	《64:12》
23.65.1	《65:16》
23.65.17	《65:25》
23.66.1	《66:24》
24.1.1	《1:3》
24.1.4	《1:10》
24.1.11	《1:19》
24.2.1	《2:3》
24.2.4	《2:8》
24.2.9	《2:13》
24.2.14	《2:19》
24.2.20	《2:25》
24.2.26	《2:37》
24.3.1	《3:5》
24.3.6	《3:18》
24.3.19	《3:25》
24.4.1	《4:4》
24.4.5	《4:12》
24.4.13	《4:18》
24.4.19	《4:22》
24.4.23	《4:31》
24.5.1	《5:11》
24.5.12	《5:19》
24.5.20	《5:31》
24.6.1	《6:8》
24.6.9	《6:15》
24.6.16	《6:21》
24.6.22	《6:30》
24.7.1	《7:15》
24.7.16	《7:28》
24.7.29	《8:3》
24.8.4	《8:17》
24.8.18	《9:16》
24.9.17	《9:26》
24.10.1	《10:11》
24.10.12	《10:16》
24.10.17	《10:25》
24.11.1	《11:17》
24.11.18	《11:23》
24.12.1	《12:6》
24.12.7	《12:13》
24.12.14	《12:17》
24.13.1	《13:11》
24.13.12	《13:14》
24.13.15	《13:27》
24.14.1	《14:18》
24.14.19	《14:22》
24.15.1	《15:9》
24.15.10	《15:21》
24.16.1	《16:13》
24.16.14	《16:15》
24.16.16	《16:18》
24.16.19	《16:21》
24.17.1	《17:4》
24.17.5	《17:13》
24.17.14	《17:18》
24.17.19	《17:27》
24.18.1	《18:12》
24.18.13	《18:17》
24.18.18	《18:23》
24.19.1	《19:15》
24.20.1	《20:6》
24.20.7	《20:18》
24.21.1	《21:10》
24.21.11	《21:14》
24.22.1	《22:9》
24.22.10	《22:12》
24.22.13	《22:19》
24.22.20	《22:23》
24.22.24	《22:30》
24.23.1	《23:8》
24.23.9	《23:32》
24.23.33	《23:40》
24.24.1	《24:10》
24.25.1	《25:14》
24.25.15	《25:38》
24.26.1	《26:24》
24.27.1	《27:22》
24.28.1	《28:17》
24.29.1	《29:23》
24.29.24	《29:32》
24.30.1	《30:24》
24.31.1	《31:14》
24.31.15	《31:22》
24.31.23	《31:40》
24.32.1	《32:15》
24.32.16	《32:35》
24.32.36	《32:44》
24.33.1	《33:26》
24.34.1	《34:8》
24.34.9	《34:22》
24.35.1	《35:19》
24.36.1	《36:10》
24.36.11	《36:19》
24.36.20	《36:26》
24.36.27	《36:32》
24.37.1	《37:10》
24.37.11	《37:21》
24.38.1	《38:13》
24.38.14	《38:28》
24.39.1	《39:10》
24.39.11	《39:14》
24.39.15	《39:18》
24.40.1	《40:6》
24.40.7	《40:12》
24.40.13	《41:18》
24.42.1	《42:6》
24.42.7	《42:22》
24.43.1	《43:13》
24.44.1	《44:30》
24.45.1	《45:5》
24.46.1	《46:12》
24.46.13	《46:26》
24.46.27	《46:28》
24.47.1	《47:7》
24.48.1	《48:10》
24.48.11	《48:25》
24.48.26	《48:39》
24.48.40	《48:47》
24.49.1	《49:6》
24.49.7	《49:22》
24.49.23	《49:27》
24.49.28	《49:33》
24.49.34	《49:39》
24.50.1	《50:3》
24.50.4	《50:10》
24.50.11	《50:17》
24.50.18	《50:20》
24.50.21	《50:46》
24.51.1	《51:14》
24.51.15	《51:19》
24.51.20	《51:23》
24.51.24	《51:35》
24.51.36	《51:40》
24.51.41	《51:49》
24.51.50	《51:53》
24.51.54	《51:58》
24.51.59	《51:64》
24.52.1	《52:11》
24.52.12	《52:23》
24.52.24	《52:34》
25.1.1	《1:22》
25.2.1	《2:22》
25.3.1	《3:66》
25.4.1	《4:22》
25.5.1	《5:22》
26.1.1	《1:28》
26.2.1	《3:15》
26.3.16	《3:21》
26.3.22	《3:27》
26.4.1	《4:17》
26.5.1	《5:17》
26.6.1	《6:14》
26.7.1	《7:13》
26.7.14	《7:27》
26.8.1	《8:18》
26.9.1	《9:11》
26.10.1	《10:22》
26.11.1	《11:13》
26.11.14	《11:21》
26.11.22	《11:25》
26.12.1	《12:16》
26.12.17	《12:20》
26.12.21	《12:28》
26.13.1	《13:16》
26.13.17	《13:23》
26.14.1	《14:11》
26.14.12	《14:23》
26.15.1	《15:8》
26.16.1	《16:22》
26.16.23	《16:34》
26.16.35	《16:43》
26.16.44	《16:52》
26.16.53	《16:58》
26.16.59	《16:63》
26.17.1	《17:10》
26.17.11	《17:21》
26.17.22	《18:32》
26.19.1	《19:14》
26.20.1	《20:32》
26.20.33	《20:44》
26.20.45	《20:49》
26.21.1	《21:17》
26.21.18	《21:27》
26.21.28	《21:32》
26.22.1	《22:16》
26.22.17	《22:22》
26.22.23	《22:31》
26.23.1	《23:21》
26.23.22	《23:35》
26.23.36	《23:49》
26.24.1	《24:14》
26.24.15	《24:27》
26.25.1	《25:7》
26.25.8	《25:11》
26.25.12	《25:14》
26.25.15	《25:17》
26.26.1	《26:21》
26.27.1	《27:36》
26.28.1	《28:10》
26.28.11	《28:19》
26.28.20	《28:24》
26.28.25	《28:26》
26.29.1	《29:16》
26.29.17	《29:21》
26.30.1	《30:19》
26.30.20	《30:26》
26.31.1	《31:18》
26.32.1	《32:16》
26.32.17	《32:32》
26.33.1	《33:9》
26.33.10	《33:20》
26.33.21	《33:22》
26.33.23	《33:29》
26.33.30	《33:33》
26.34.1	《34:10》
26.34.11	《34:31》
26.35.1	《35:15》
26.36.1	《36:15》
26.36.16	《36:38》
26.37.1	《37:14》
26.37.15	《37:28》
26.38.1	《38:17》
26.38.18	《38:23》
26.39.1	《39:10》
26.39.11	《39:20》
26.39.21	《39:29》
26.40.1	《40:4》
26.40.5	《40:16》
26.40.17	《40:19》
26.40.20	《40:23》
26.40.24	《40:27》
26.40.28	《40:31》
26.40.32	《40:34》
26.40.35	《40:37》
26.40.38	《40:46》
26.40.47	《41:4》
26.41.5	《41:11》
26.41.12	《41:12》
26.41.13	《41:15》
26.41.16	《41:22》
26.41.23	《41:26》
26.42.1	《42:14》
26.42.15	《42:20》
26.43.1	《43:12》
26.43.13	《43:17》
26.43.18	《43:27》
26.44.1	《44:3》
26.44.4	《44:9》
26.44.10	《44:14》
26.44.15	《44:31》
26.45.1	《45:6》
26.45.7	《45:8》
26.45.9	《45:17》
26.45.18	《45:25》
26.46.1	《46:12》
26.46.13	《46:15》
26.46.16	《46:18》
26.46.19	《46:24》
26.47.1	《47:12》
26.47.13	《47:23》
26.48.1	《48:7》
26.48.8	《48:22》
26.48.23	《48:29》
26.48.30	《48:35》
27.1.1	《2:13》
27.2.14	《2:23》
27.2.24	《2:45》
27.2.46	《2:49》
27.3.1	《3:7》
27.3.8	《3:18》
27.3.19	《3:25》
27.3.26	《3:30》
27.4.1	《4:18》
27.4.19	《4:33》
27.4.34	《4:37》
27.5.1	《5:12》
27.5.13	《5:31》
27.6.1	《6:28》
27.7.1	《7:8》
27.7.9	《7:14》
27.7.15	《7:28》
27.8.1	《8:14》
27.8.15	《8:27》
27.9.1	《9:19》
27.9.20	《9:27》
27.10.1	《11:1》
27.11.2	《11:20》
27.11.21	《11:45》
27.12.1	《12:13》
28.1.1	《1:1》
28.1.2	《1:9》
28.1.10	《2:1》
28.2.2	《2:13》
28.2.14	《2:23》
28.3.1	《3:5》
28.4.1	《4:3》
28.4.4	《4:10》
28.4.11	《5:3》
28.5.4	《5:7》
28.5.8	《5:15》
28.6.1	《7:2》
28.7.3	《7:7》
28.7.8	《7:16》
28.8.1	《8:14》
28.9.1	《9:9》
28.9.10	《9:14》
28.9.15	《9:16》
28.9.17	《10:8》
28.10.9	《10:15》
28.11.1	《11:11》
28.11.12	《12:6》
28.12.7	《12:14》
28.13.1	《13:16》
28.14.1	《14:3》
28.14.4	《14:8》
28.14.9	《14:9》
29.1.1	《1:1》
29.1.2	《1:20》
29.2.1	《2:11》
29.2.12	《2:17》
29.2.18	《2:27》
29.2.28	《2:32》
29.3.1	《3:15》
29.3.16	《3:21》
30.1.1	《1:2》
30.1.3	《1:5》
30.1.6	《1:8》
30.1.9	《1:10》
30.1.11	《1:12》
30.1.13	《1:15》
30.2.1	《2:3》
30.2.4	《2:5》
30.2.6	《3:2》
30.3.3	《3:8》
30.3.9	《4:3》
30.4.4	《4:13》
30.5.1	《5:27》
30.6.1	《6:14》
30.7.1	《7:3》
30.7.4	《7:6》
30.7.7	《7:9》
30.7.10	《7:17》
30.8.1	《8:3》
30.8.4	《8:14》
30.9.1	《9:10》
30.9.11	《9:15》
31.1.1	《1:9》
31.1.10	《1:14》
31.1.15	《1:16》
31.1.17	《1:21》
32.1.1	《1:17》
32.2.1	《2:10》
32.3.1	《3:10》
32.4.1	《4:11》
33.1.1	《1:1》
33.1.2	《1:9》
33.1.10	《1:16》
33.2.1	《2:13》
33.3.1	《3:12》
33.4.1	《4:5》
33.4.6	《5:1》
33.5.2	《5:4》
33.5.5	《5:15》
33.6.1	《6:5》
33.6.6	《6:16》
33.7.1	《7:7》
33.7.8	《7:13》
33.7.14	《7:20》
34.1.1	《1:1》
34.1.2	《1:15》
34.2.1	《3:19》
35.1.1	《1:1》
35.1.2	《1:4》
35.1.5	《1:11》
35.1.12	《1:17》
35.2.1	《2:4》
35.2.5	《2:20》
35.3.1	《3:19》
36.1.1	《1:1》
36.1.2	《2:1》
36.2.2	《2:3》
36.2.4	《2:15》
36.3.1	《3:13》
36.3.14	《3:20》
37.1.1	《1:11》
37.1.12	《1:15》
37.2.1	《2:9》
37.2.10	《2:14》
37.2.15	《2:19》
37.2.20	《2:23》
38.1.1	《1:6》
38.1.7	《1:17》
38.1.18	《1:21》
38.2.1	《2:5》
38.2.6	《2:13》
38.3.1	《3:10》
38.4.1	《4:5》
38.4.6	《4:14》
38.5.1	《5:4》
38.5.5	《5:11》
38.6.1	《6:8》
38.6.9	《6:15》
38.7.1	《7:7》
38.7.8	《7:14》
38.8.1	《8:23》
38.9.1	《9:8》
38.9.9	《9:10》
38.9.11	《9:17》
38.10.1	《10:12》
38.11.1	《11:3》
38.11.4	《11:17》
38.12.1	《13:6》
38.13.7	《13:9》
38.14.1	《14:21》
39.1.1	《1:1》
39.1.2	《1:5》
39.1.6	《2:9》
39.2.10	《2:16》
39.2.17	《3:5》
39.3.6	《3:12》
39.3.13	《3:18》
39.4.1	《4:6》
40.1.1	《1:17》
40.1.18	《1:25》
40.2.1	《2:12》
40.2.13	《2:15》
40.2.16	《2:18》
40.2.19	《2:23》
40.3.1	《3:12》
40.3.13	《3:17》
40.4.1	《4:11》
40.4.12	《4:17》
40.4.18	《4:22》
40.4.23	《4:25》
40.5.1	《5:2》
40.5.3	《5:12》
40.5.13	《5:16》
40.5.17	《5:20》
40.5.21	《5:26》
40.5.27	《5:30》
40.5.31	《5:32》
40.5.33	《5:37》
40.5.38	《5:42》
40.5.43	《5:48》
40.6.1	《6:4》
40.6.5	《6:15》
40.6.16	《6:18》
40.6.19	《6:21》
40.6.22	《6:23》
40.6.24	《6:24》
40.6.25	《6:34》
40.7.1	《7:6》
40.7.7	《7:12》
40.7.13	《7:14》
40.7.15	《7:20》
40.7.21	《7:23》
40.7.24	《7:29》
40.8.1	《8:4》
40.8.5	《8:13》
40.8.14	《8:17》
40.8.18	《8:22》
40.8.23	《8:27》
40.8.28	《8:34》
40.9.1	《9:8》
40.9.9	《9:13》
40.9.14	《9:17》
40.9.18	《9:26》
40.9.27	《9:31》
40.9.32	《9:34》
40.9.35	《9:38》
40.10.1	《10:4》
40.10.5	《10:15》
40.10.16	《10:25》
40.10.26	《10:31》
40.10.32	《10:33》
40.10.34	《10:39》
40.10.40	《11:1》
40.11.2	《11:19》
40.11.20	《11:24》
40.11.25	《11:30》
40.12.1	《12:8》
40.12.9	《12:14》
40.12.15	《12:21》
40.12.22	《12:32》
40.12.33	《12:37》
40.12.38	《12:42》
40.12.43	《12:45》
40.12.46	《12:50》
40.13.1	《13:9》
40.13.10	《13:17》
40.13.18	《13:23》
40.13.24	《13:30》
40.13.31	《13:33》
40.13.34	《13:35》
40.13.36	《13:43》
40.13.44	《13:50》
40.13.51	《13:52》
40.13.53	《13:58》
40.14.1	《14:12》
40.14.13	《14:21》
40.14.22	《14:33》
40.14.34	《14:36》
40.15.1	《15:20》
40.15.21	《15:28》
40.15.29	《15:31》
40.15.32	《15:39》
40.16.1	《16:4》
40.16.5	《16:12》
40.16.13	《16:20》
40.16.21	《16:28》
40.17.1	《17:13》
40.17.14	《17:21》
40.17.22	《17:23》
40.17.24	《17:27》
40.18.1	《18:5》
40.18.6	《18:9》
40.18.10	《18:14》
40.18.15	《18:20》
40.18.21	《18:35》
40.19.1	《19:12》
40.19.13	《19:15》
40.19.16	《19:30》
40.20.1	《20:16》
40.20.17	《20:19》
40.20.20	《20:28》
40.20.29	《20:34》
40.21.1	《21:11》
40.21.12	《21:17》
40.21.18	《21:22》
40.21.23	《21:27》
40.21.28	《21:32》
40.21.33	《21:46》
40.22.1	《22:14》
40.22.15	《22:22》
40.22.23	《22:33》
40.22.34	《22:40》
40.22.41	《22:46》
40.23.1	《23:36》
40.23.37	《23:39》
40.24.1	《24:2》
40.24.3	《24:14》
40.24.15	《24:28》
40.24.29	《24:31》
40.24.32	《24:35》
40.24.36	《24:44》
40.24.45	《24:51》
40.25.1	《25:13》
40.25.14	《25:30》
40.25.31	《25:46》
40.26.1	《26:5》
40.26.6	《26:13》
40.26.14	《26:16》
40.26.17	《26:25》
40.26.26	《26:30》
40.26.31	《26:35》
40.26.36	《26:46》
40.26.47	《26:56》
40.26.57	《26:68》
40.26.69	《26:75》
40.27.1	《27:2》
40.27.3	《27:10》
40.27.11	《27:14》
40.27.15	《27:26》
40.27.27	《27:31》
40.27.32	《27:44》
40.27.45	《27:56》
40.27.57	《27:61》
40.27.62	《27:66》
40.28.1	《28:10》
40.28.11	《28:15》
40.28.16	《28:20》
41.1.1	《1:8》
41.1.9	《1:11》
41.1.12	《1:13》
41.1.14	《1:15》
41.1.16	《1:20》
41.1.21	《1:28》
41.1.29	《1:34》
41.1.35	《1:39》
41.1.40	《1:45》
41.2.1	《2:12》
41.2.13	《2:17》
41.2.18	《2:22》
41.2.23	《2:28》
41.3.1	《3:6》
41.3.7	《3:12》
41.3.13	《3:19》
41.3.20	《3:30》
41.3.31	《3:35》
41.4.1	《4:9》
41.4.10	《4:12》
41.4.13	《4:20》
41.4.21	《4:25》
41.4.26	《4:29》
41.4.30	《4:32》
41.4.33	《4:34》
41.4.35	《4:41》
41.5.1	《5:20》
41.5.21	《5:43》
41.6.1	《6:6》
41.6.7	《6:13》
41.6.14	《6:29》
41.6.30	《6:44》
41.6.45	《6:52》
41.6.53	《6:56》
41.7.1	《7:23》
41.7.24	《7:30》
41.7.31	《7:37》
41.8.1	《8:10》
41.8.11	《8:13》
41.8.14	《8:21》
41.8.22	《8:26》
41.8.27	《8:30》
41.8.31	《9:1》
41.9.2	《9:13》
41.9.14	《9:29》
41.9.30	《9:32》
41.9.33	《9:37》
41.9.38	《9:41》
41.9.42	《9:50》
41.10.1	《10:12》
41.10.13	《10:16》
41.10.17	《10:31》
41.10.32	《10:34》
41.10.35	《10:45》
41.10.46	《10:52》
41.11.1	《11:11》
41.11.12	《11:14》
41.11.15	《11:19》
41.11.20	《11:26》
41.11.27	《11:33》
41.12.1	《12:12》
41.12.13	《12:17》
41.12.18	《12:27》
41.12.28	《12:34》
41.12.35	《12:37》
41.12.38	《12:40》
41.12.41	《12:44》
41.13.1	《13:2》
41.13.3	《13:13》
41.13.14	《13:23》
41.13.24	《13:27》
41.13.28	《13:31》
41.13.32	《13:37》
41.14.1	《14:2》
41.14.3	《14:9》
41.14.10	《14:11》
41.14.12	《14:21》
41.14.22	《14:26》
41.14.27	《14:31》
41.14.32	《14:42》
41.14.43	《14:50》
41.14.51	《14:52》
41.14.53	《14:65》
41.14.66	《14:72》
41.15.1	《15:5》
41.15.6	《15:15》
41.15.16	《15:20》
41.15.21	《15:32》
41.15.33	《15:41》
41.15.42	《15:47》
41.16.1	《16:8》
41.16.9	《16:11》
41.16.12	《16:13》
41.16.14	《16:18》
41.16.19	《1:1》
42.1.2	《1:4》
42.1.5	《1:25》
42.1.26	《1:38》
42.1.39	《1:45》
42.1.46	《1:56》
42.1.57	《1:66》
42.1.67	《1:80》
42.2.1	《2:7》
42.2.8	《2:21》
42.2.22	《2:38》
42.2.39	《2:40》
42.2.41	《2:52》
42.3.1	《3:20》
42.3.21	《3:22》
42.3.23	《3:38》
42.4.1	《4:13》
42.4.14	《4:15》
42.4.16	《4:30》
42.4.31	《4:37》
42.4.38	《4:41》
42.4.42	《4:44》
42.5.1	《5:11》
42.5.12	《5:16》
42.5.17	《5:26》
42.5.27	《5:32》
42.5.33	《5:39》
42.6.1	《6:5》
42.6.6	《6:11》
42.6.12	《6:16》
42.6.17	《6:19》
42.6.20	《6:26》
42.6.27	《6:36》
42.6.37	《6:42》
42.6.43	《6:45》
42.6.46	《6:49》
42.7.1	《7:10》
42.7.11	《7:17》
42.7.18	《7:35》
42.7.36	《7:50》
42.8.1	《8:3》
42.8.4	《8:8》
42.8.9	《8:10》
42.8.11	《8:15》
42.8.16	《8:18》
42.8.19	《8:21》
42.8.22	《8:25》
42.8.26	《8:39》
42.8.40	《8:56》
42.9.1	《9:6》
42.9.7	《9:9》
42.9.10	《9:17》
42.9.18	《9:20》
42.9.21	《9:27》
42.9.28	《9:36》
42.9.37	《9:42》
42.9.43	《9:45》
42.9.46	《9:48》
42.9.49	《9:50》
42.9.51	《9:56》
42.9.57	《9:62》
42.10.1	《10:12》
42.10.13	《10:16》
42.10.17	《10:20》
42.10.21	《10:24》
42.10.25	《10:37》
42.10.38	《10:42》
42.11.1	《11:13》
42.11.14	《11:23》
42.11.24	《11:26》
42.11.27	《11:28》
42.11.29	《11:32》
42.11.33	《11:36》
42.11.37	《11:54》
42.12.1	《12:3》
42.12.4	《12:7》
42.12.8	《12:12》
42.12.13	《12:21》
42.12.22	《12:34》
42.12.35	《12:48》
42.12.49	《12:53》
42.12.54	《12:56》
42.12.57	《12:59》
42.13.1	《13:5》
42.13.6	《13:9》
42.13.10	《13:17》
42.13.18	《13:21》
42.13.22	《13:30》
42.13.31	《13:35》
42.14.1	《14:6》
42.14.7	《14:14》
42.14.15	《14:24》
42.14.25	《14:33》
42.14.34	《14:35》
42.15.1	《15:7》
42.15.8	《15:10》
42.15.11	《15:32》
42.16.1	《16:13》
42.16.14	《16:18》
42.16.19	《16:31》
42.17.1	《17:10》
42.17.11	《17:19》
42.17.20	《17:37》
42.18.1	《18:8》
42.18.9	《18:14》
42.18.15	《18:17》
42.18.18	《18:30》
42.18.31	《18:34》
42.18.35	《18:43》
42.19.1	《19:10》
42.19.11	《19:27》
42.19.28	《19:44》
42.19.45	《19:48》
42.20.1	《20:8》
42.20.9	《20:18》
42.20.19	《20:26》
42.20.27	《20:40》
42.20.41	《20:44》
42.20.45	《20:47》
42.21.1	《21:4》
42.21.5	《21:6》
42.21.7	《21:19》
42.21.20	《21:24》
42.21.25	《21:28》
42.21.29	《21:29》
42.21.30	《21:33》
42.21.34	《21:38》
42.22.1	《22:6》
42.22.7	《22:13》
42.22.14	《22:23》
42.22.24	《22:30》
42.22.31	《22:34》
42.22.35	《22:38》
42.22.39	《22:46》
42.22.47	《22:53》
42.22.54	《22:62》
42.22.63	《22:65》
42.22.66	《22:71》
42.23.1	《23:5》
42.23.6	《23:12》
42.23.13	《23:25》
42.23.26	《23:43》
42.23.44	《23:49》
42.23.50	《23:56》
42.24.1	《24:12》
42.24.13	《24:35》
42.24.36	《24:49》
42.24.50	《24:53》
43.1.1	《1:18》
43.1.19	《1:28》
43.1.29	《1:34》
43.1.35	《1:42》
43.1.43	《1:51》
43.2.1	《2:12》
43.2.13	《2:22》
43.2.23	《2:25》
43.3.1	《3:21》
43.3.22	《3:30》
43.3.31	《3:36》
43.4.1	《4:42》
43.4.43	《4:54》
43.5.1	《5:18》
43.5.19	《5:30》
43.5.31	《5:47》
43.6.1	《6:15》
43.6.16	《6:21》
43.6.22	《6:59》
43.6.60	《6:71》
43.7.1	《7:9》
43.7.10	《7:24》
43.7.25	《7:31》
43.7.32	《7:36》
43.7.37	《7:39》
43.7.40	《7:44》
43.7.45	《7:52》
43.8.1	《8:11》
43.8.12	《8:20》
43.8.21	《8:30》
43.8.31	《8:38》
43.8.39	《8:47》
43.8.48	《8:59》
43.9.1	《9:12》
43.9.13	《9:34》
43.9.35	《9:41》
43.10.1	《10:6》
43.10.7	《10:21》
43.10.22	《10:42》
43.11.1	《11:16》
43.11.17	《11:27》
43.11.28	《11:37》
43.11.38	《11:44》
43.11.45	《11:57》
43.12.1	《12:8》
43.12.9	《12:11》
43.12.12	《12:19》
43.12.20	《12:26》
43.12.27	《12:35》
43.12.36	《12:43》
43.12.44	《12:50》
43.13.1	《13:20》
43.13.21	《13:30》
43.13.31	《13:35》
43.13.36	《13:38》
43.14.1	《14:14》
43.14.15	《14:31》
43.15.1	《15:17》
43.15.18	《16:3》
43.16.4	《16:16》
43.16.17	《16:24》
43.16.25	《16:33》
43.17.1	《17:26》
43.18.1	《18:11》
43.18.12	《18:14》
43.18.15	《18:18》
43.18.19	《18:24》
43.18.25	《18:27》
43.18.28	《18:37》
43.18.38	《19:16》
43.19.17	《19:27》
43.19.28	《19:30》
43.19.31	《19:37》
43.19.38	《19:42》
43.20.1	《20:10》
43.20.11	《20:18》
43.20.19	《20:23》
43.20.24	《20:29》
43.20.30	《20:31》
43.21.1	《21:14》
43.21.15	《21:19》
43.21.20	《21:25》
44.1.1	《1:5》
44.1.6	《1:11》
44.1.12	《1:26》
44.2.1	《2:13》
44.2.14	《2:42》
44.2.43	《2:47》
44.3.1	《3:10》
44.3.11	《3:26》
44.4.1	《4:22》
44.4.23	《4:31》
44.4.32	《4:37》
44.5.1	《5:11》
44.5.12	《5:16》
44.5.17	《5:42》
44.6.1	《6:7》
44.6.8	《6:15》
44.7.1	《7:53》
44.7.54	《7:60》
44.8.1	《8:3》
44.8.4	《8:25》
44.8.26	《8:40》
44.9.1	《9:18》
44.9.19	《9:22》
44.9.23	《9:25》
44.9.26	《9:31》
44.9.32	《9:35》
44.9.36	《9:43》
44.10.1	《10:33》
44.10.34	《10:43》
44.10.44	《10:48》
44.11.1	《11:18》
44.11.19	《11:30》
44.12.1	《12:5》
44.12.6	《12:19》
44.12.20	《12:25》
44.13.1	《13:3》
44.13.4	《13:12》
44.13.13	《13:52》
44.14.1	《14:7》
44.14.8	《14:19》
44.14.20	《14:28》
44.15.1	《15:21》
44.15.22	《15:35》
44.15.36	《15:41》
44.16.1	《16:5》
44.16.6	《16:10》
44.16.11	《16:15》
44.16.16	《16:40》
44.17.1	《17:9》
44.17.10	《17:15》
44.17.16	《17:34》
44.18.1	《18:17》
44.18.18	《18:23》
44.18.24	《18:28》
44.19.1	《19:10》
44.19.11	《19:20》
44.19.21	《19:41》
44.20.1	《20:6》
44.20.7	《20:12》
44.20.13	《20:16》
44.20.17	《20:38》
44.21.1	《21:16》
44.21.17	《21:26》
44.21.27	《21:36》
44.21.37	《22:5》
44.22.6	《22:16》
44.22.17	《22:21》
44.22.22	《22:29》
44.22.30	《23:11》
44.23.12	《23:22》
44.23.23	《23:35》
44.24.1	《24:9》
44.24.10	《24:23》
44.24.24	《24:27》
44.25.1	《25:12》
44.25.13	《25:27》
44.26.1	《26:11》
44.26.12	《26:18》
44.26.19	《26:23》
44.26.24	《26:32》
44.27.1	《27:12》
44.27.13	《27:38》
44.27.39	《27:44》
44.28.1	《28:10》
44.28.11	《28:16》
44.28.17	《28:31》
45.1.1	《1:7》
45.1.8	《1:15》
45.1.16	《1:17》
45.1.18	《1:32》
45.2.1	《2:16》
45.2.17	《3:8》
45.3.9	《3:20》
45.3.21	《3:31》
45.4.1	《4:12》
45.4.13	《4:25》
45.5.1	《5:11》
45.5.12	《5:21》
45.6.1	《6:14》
45.6.15	《6:23》
45.7.1	《7:6》
45.7.7	《7:25》
45.8.1	《8:17》
45.8.18	《8:30》
45.8.31	《8:39》
45.9.1	《9:18》
45.9.19	《9:29》
45.9.30	《10:4》
45.10.5	《10:21》
45.11.1	《11:10》
45.11.11	《11:24》
45.11.25	《11:36》
45.12.1	《12:8》
45.12.9	《12:21》
45.13.1	《13:7》
45.13.8	《13:10》
45.13.11	《13:14》
45.14.1	《14:12》
45.14.13	《14:23》
45.15.1	《15:6》
45.15.7	《15:13》
45.15.14	《15:21》
45.15.22	《15:33》
45.16.1	《16:24》
45.16.25	《16:27》
46.1.1	《1:9》
46.1.10	《1:17》
46.1.18	《1:31》
46.2.1	《2:5》
46.2.6	《2:16》
46.3.1	《3:23》
46.4.1	《4:21》
46.5.1	《5:13》
46.6.1	《6:11》
46.6.12	《6:20》
46.7.1	《7:16》
46.7.17	《7:24》
46.7.25	《7:40》
46.8.1	《8:13》
46.9.1	《9:27》
46.10.1	《10:22》
46.10.23	《11:1》
46.11.2	《11:16》
46.11.17	《11:22》
46.11.23	《11:26》
46.11.27	《11:34》
46.12.1	《12:11》
46.12.12	《12:30》
46.12.31	《13:13》
46.14.1	《14:25》
46.14.26	《14:40》
46.15.1	《15:11》
46.15.12	《15:34》
46.15.35	《15:58》
46.16.1	《16:4》
46.16.5	《16:12》
46.16.13	《16:24》
47.1.1	《1:2》
47.1.3	《1:11》
47.1.12	《2:4》
47.2.5	《2:11》
47.2.12	《2:17》
47.3.1	《3:18》
47.4.1	《4:15》
47.4.16	《5:10》
47.5.11	《6:13》
47.6.14	《7:1》
47.7.2	《7:16》
47.8.1	《8:15》
47.8.16	《8:24》
47.9.1	《9:15》
47.10.1	《10:14》
47.10.15	《10:18》
47.11.1	《11:15》
47.11.16	《11:33》
47.12.1	《12:10》
47.12.11	《12:21》
47.13.1	《13:14》
48.1.1	《1:5》
48.1.6	《1:10》
48.1.11	《1:24》
48.2.1	《2:10》
48.2.11	《2:14》
48.2.15	《2:21》
48.3.1	《3:14》
48.3.15	《3:20》
48.3.21	《4:7》
48.4.8	《4:20》
48.4.21	《5:1》
48.5.2	《5:15》
48.5.16	《5:26》
48.6.1	《6:10》
48.6.11	《6:18》
49.1.1	《1:2》
49.1.3	《1:14》
49.1.15	《1:23》
49.2.1	《2:10》
49.2.11	《2:22》
49.3.1	《3:13》
49.3.14	《3:21》
49.4.1	《4:16》
49.4.17	《4:24》
49.4.25	《5:5》
49.5.6	《5:21》
49.5.22	《5:33》
49.6.1	《6:4》
49.6.5	《6:9》
49.6.10	《6:20》
49.6.21	《6:24》
50.1.1	《1:2》
50.1.3	《1:11》
50.1.12	《1:30》
50.2.1	《2:11》
50.2.12	《2:18》
50.2.19	《2:30》
50.3.1	《3:11》
50.3.12	《4:1》
50.4.2	《4:9》
50.4.10	《4:20》
50.4.21	《4:23》
51.1.1	《1:2》
51.1.3	《1:8》
51.1.9	《1:23》
51.1.24	《2:5》
51.2.6	《2:20》
51.2.21	《3:17》
51.3.18	《4:1》
51.4.2	《4:6》
51.4.7	《4:18》
52.1.1	《1:1》
52.1.2	《1:10》
52.2.1	《2:16》
52.2.17	《3:13》
52.4.1	《4:12》
52.4.13	《5:11》
52.5.12	《5:28》
53.1.1	《1:2》
53.1.3	《1:12》
53.2.1	《2:12》
53.2.13	《2:17》
53.3.1	《3:5》
53.3.6	《3:15》
53.3.16	《3:18》
54.1.1	《1:2》
54.1.3	《1:11》
54.1.12	《1:20》
54.2.1	《2:15》
54.3.1	《3:7》
54.3.8	《3:13》
54.3.14	《3:16》
54.4.1	《4:5》
54.4.6	《4:16》
54.5.1	《6:1》
54.6.2	《6:10》
54.6.11	《6:21》
55.1.1	《1:2》
55.1.3	《1:18》
55.2.1	《2:13》
55.2.14	《2:26》
55.3.1	《3:9》
55.3.10	《4:8》
55.4.9	《4:18》
55.4.19	《4:22》
56.1.1	《1:4》
56.1.5	《1:16》
56.2.1	《2:15》
56.3.1	《3:11》
56.3.12	《3:15》
57.1.1	《1:3》
57.1.4	《1:7》
57.1.8	《1:22》
57.1.23	《1:25》
58.1.1	《1:4》
58.1.5	《1:14》
58.2.1	《2:4》
58.2.5	《2:18》
58.3.1	《3:6》
58.3.7	《4:13》
58.4.14	《5:10》
58.5.11	《6:12》
58.6.13	《6:20》
58.7.1	《7:28》
58.8.1	《8:13》
58.9.1	《9:22》
58.9.23	《10:18》
58.10.19	《10:39》
58.11.1	《11:40》
58.12.1	《12:13》
58.12.14	《12:29》
58.13.1	《13:19》
58.13.20	《13:25》
59.1.1	《1:1》
59.1.2	《1:8》
59.1.9	《1:11》
59.1.12	《1:18》
59.1.19	《1:27》
59.2.1	《2:13》
59.2.14	《2:26》
59.3.1	《3:12》
59.3.13	《3:18》
59.4.1	《4:10》
59.4.11	《4:12》
59.4.13	《4:17》
59.5.1	《5:6》
59.5.7	《5:20》
60.1.1	《1:2》
60.1.3	《1:12》
60.1.13	《1:25》
60.2.1	《2:10》
60.2.11	《2:17》
60.2.18	《2:25》
60.3.1	《3:7》
60.3.8	《3:22》
60.4.1	《4:11》
60.4.12	《4:19》
60.5.1	《5:11》
60.5.12	《5:14》
61.1.1	《1:2》
61.1.3	《1:15》
61.1.16	《1:21》
61.2.1	《2:22》
61.3.1	《3:18》
62.1.1	《1:4》
62.1.5	《1:10》
62.2.1	《2:6》
62.2.7	《2:17》
62.2.18	《2:27》
62.2.28	《3:10》
62.3.11	《3:18》
62.3.19	《3:24》
62.4.1	《4:6》
62.4.7	《4:21》
62.5.1	《5:5》
62.5.6	《5:12》
62.5.13	《5:21》
63.1.1	《1:3》
63.1.4	《1:11》
63.1.12	《1:13》
64.1.1	《1:4》
64.1.5	《1:12》
64.1.13	《1:15》
65.1.1	《1:2》
65.1.3	《1:16》
65.1.17	《1:23》
65.1.24	《1:25》
66.1.1	《1:8》
66.1.9	《1:20》
66.2.1	《2:7》
66.2.8	《2:11》
66.2.12	《2:17》
66.2.18	《2:29》
66.3.1	《3:6》
66.3.7	《3:13》
66.3.14	《3:22》
66.4.1	《4:11》
66.5.1	《5:14》
66.6.1	《6:17》
66.7.1	《7:8》
66.7.9	《7:17》
66.8.1	《8:5》
66.8.6	《9:21》
66.10.1	《10:11》
66.11.1	《11:14》
66.11.15	《11:19》
66.12.1	《12:18》
66.13.1	《13:18》
66.14.1	《14:5》
66.14.6	《14:13》
66.14.14	《14:20》
66.15.1	《15:8》
66.16.1	《16:21》
66.17.1	《17:18》
66.18.1	《19:4》
66.19.5	《19:10》
66.19.11	《19:21》
66.20.1	《20:6》
66.20.7	《20:10》
66.20.11	《20:15》
66.21.1	《21:8》
66.21.9	《22:5》
66.22.6	《22:17》
66.22.18	《22:21》
